,nom,poids,affinage,type,type_lait,pate,saison,mariage_vin,mariage_fromage,ingredients
0,Abbaye de Tamié,"510 g (17,85 Ozs)",2 moisMinimum,à la pièce,Laitde vache,pressées non cuites,Printemps Automne Hiver,Vin rouge: Beaujolais-Villages (cépage: Gamay Noir)Vin blanc: Crépy (cépage: Chasselas),,"lait de vache, ferments lactiques, présure, sel"
1,A Casinca,400 g (14 Ozs),,à la coupe,Laitde chèvre,molles à croûte lavée,Printemps Eté Automne Hiver,grand vin corse blanc patrimonio,,
2,Abbaye de Timadeuc,200 g (7 Ozs),3 semaines minimum,à la coupe,Laitde vache,pressées non cuites,Printemps Eté Automne,,,
3,Abbaye du Mont des Cats,200 g (7 Ozs),2 mois minimum,à la coupe,Laitde vache,pressées non cuites,Printemps Eté Automne,"Vin rouge: Graves (cépages: Merlot, Cabernet-Sauvignon)",,
4,Affidelice au Chablis,"250 g (8,75 Ozs)",3 à 4 semaines,à la pièce,Laitde vache,molles à croûte lavée,Printemps Automne Hiver,Vin blanc très sec: Chablis (cépage: Chardonnay),,
5,Anneau Du Vic-Bilh,"250 g (8,75 Ozs)",Minimum 10 jours,à la coupe,Laitde chèvre,molle,Printemps Eté Automne,"Vin blanc: Pacherenc (cépages: Arrufiat, Manseng, Courbu)",,
6,Appenzeller,200 g (7 Ozs),3 mois minimum,à la coupe,Laitde vache,pressées cuites,Printemps Eté Automne Hiver,,,
7,Ardi-Gasna,200 g (7 Ozs),6 mois4 à,à la coupe,Laitde brebis,pressées cuites,Printemps Eté Automne Hiver,"Côtes de Bordeaux rougeCépage: Merlot, Cabernet-Franc, Cabernet-Sauvignon, Malbec",,
8,Aveyronnais,"250 g (8,75 Ozs)",2 semaines,à la coupe,Laitde vache,molle à croûte fleurie,Printemps Automne,"Vin rouge: Cahors (cépages: Auxerrois, Merlot, Tannat)",,
9,Abondance - AOP -,200 g (7 Ozs),90 jours minimum,à la coupe,Laitde vache,pressées cuites,Automne Hiver,Vin blanc sec: Roussette de Savoie (cépage: Altesse)Vin rouge léger: Beaujolais (cépage: Gamay Noir),Morbier Beaufort - AOP -,"Lait de vache, sel, ferments, chlorure de calcium, présure"
10,"Apolline aux fleurs, crottin frais aux roses","100 g (3,5 Ozs)",,à la pièce,Laitde chèvre,molle,Printemps Eté,"Vin blanc ou rouge (Meursault, Pomerol)",,"lait de chèvre pasteurisé, mélange de fleurs, sel, ferment lactiques, présure animale.Bonbon à la rose (sucre, glucose, eau, gomme arabique, gélifiant, arôme, colorant rose (E120))"
11,Bleu d'Auvergne AOP,200 g (7 Ozs),,à la coupe,Laitde vache,persillée,Printemps Automne Hiver,,,"Lait pasteurisé de vache, ferments lactiques, sel, présure, chlorure de calcium et penicillium"
12,Brie aux truffes,200 g (7 Ozs),,à la pièce,Laitde vache,molle,Hiver,Champagne,,"lait cru de vache, ferments lactiques,présure, penicillium candidum,truffes, mascarpone et huile aux truffes"
13,Brebichou au Thym,"80 g (2,8 Ozs)",,à la pièce,Laitde brebis,molle,Printemps Eté Automne,,,
14,Briquette de Brebis,"220 g (7,7 Ozs)",Minimum 3 semaines,à la coupe,Laitde brebis,molle,Printemps Eté,,,
15,Banon AOP,"90 g (3,15 Ozs)",Frais:minimum 2 semainesSemi-Frais:minimum 4 à 5 semainesAffiné:minimum 6 à 8 semaines,à la pièce,Laitde chèvre,molle,Printemps Eté Automne,"Cassis blanc Cépage: Ugni, Clairette, Marsanne, Doucillon, Sauvignon, Pascal",,"lait de chèvre, sel, ferments, chlorure de calcium, présure, feuilles de chataîgnier"
16,Beaufort - AOP -,200 g (7 Ozs),4 mois minimum,à la coupe,Laitde vache,pressées cuites,Printemps Eté Automne Hiver,Vin blanc: Roussette de Savoie (cépage: Altesse) Vin rouge fruité et léger: Beaujolais (cépage: Gamay Noir),Vouvray Moelleux Philippe Foreau 2003 Bôfavre,"Lait, sel, ferments, présure"
17,Beaufort 500gr - AOP -,"500 g (17,5 Ozs)",4 mois minimum,à la coupe,Laitde vache,pressées cuites,Printemps Eté Automne Hiver,Chablis: cépage: ChardonnayVin blanc de Savoie,,"Lait, sel, ferments, présure"
18,Bel Fiuritu,200 g (7 Ozs),,à la coupe,Laitde brebis,molles à croûte lavée,Printemps Eté Automne Hiver,Vin blanc: Muscat du Cap Corse (cépage: Muscat),,
19,Bethmale,200 g (7 Ozs),Plus de 60 jours,à la coupe,Laitde vache,pressées non cuites,Printemps Eté Automne Hiver,"Vin rouge: Collioure (cépages: Grenache Noir, Mourvèdre, Syrah)",,"Lait, sel, ferments, chlorure de calcium, présure, conservateur E1105"
20,Bichon,"150 g (5,25 Ozs)",,à la pièce,Laitde chèvre,molle,Eté Automne Hiver,,,
21,Bleu de Gex AOP,200 g (7 Ozs),2 mois minimum,à la coupe,Laitde vache,persillée,Printemps Eté Automne,Vin rouge fruité et léger: Côtes-du-Jura (cépage: Poulsard),,
22,Bleu de Laqueuille,200 g (7 Ozs),3 mois minimum,à la coupe,Laitde vache,persillée,Printemps Eté Automne Hiver,"Vin blanc: Montbazillac (cépages: Sauvignon, Sémillon)",Bleu d'Auvergne bio,
23,Bleu de Severac,200 g (7 Ozs),Minimum 6 semaines,à la coupe,Laitde brebis,persillée,Printemps Eté Automne Hiver,,,
24,Bleu des Causses,200 g (7 Ozs),3 mois minimum,à la coupe,Laitde vache,persillée,Eté Automne Hiver,Vin rouge tannique: Cornas (cépage: Syrah),,"lait de vache pasteurisé, sel, ferment lactiques et d'affinage, présure animale, penicillium roqueforti, chlorure de calcium"
25,Bleu du Vercors-Sassenage AOP,200 g (7 Ozs),2 mois minimum,à la coupe,Laitde vache,persillée,Eté Automne,"Vin blanc liquoreux: Barsac (cépages: Sémillon, Sauvignon)Vin rouge fruité: Côtes du Lubéron (cépages: Grenache Noir, Cinsault)",,
26,Bôfavre,200 g (7 Ozs),,à la coupe,Laitde vache,pressées cuites,Printemps Eté Automne Hiver,Roussette de Savoie,,
27,Bondon à la Fleur de Sel,"150 g (5,25 Ozs)",1 moisMinimum,à la coupe,Laitde chèvre,molle,Printemps Eté Automne,"Vin blanc: Haut-Poitou (cépages: Sauvignon, Chardonnay)",,
28,Bouchons de chèvre,"75 g (2,625 Ozs)",,à la coupe,Laitde chèvre,molle,Printemps Eté Automne,,,
29,Boulette d'Avesnes,"180 g (6,3 Ozs)",2 mois minimum,à la pièce,Laitde vache,molles à croûte lavée,Printemps Eté Automne Hiver,"Vin rouge: Passetougrain (cépages: Pinot Noir, Gamay Noir)Bière",,"Lait, sel, ferments, présure, poivre, estragon, chapelure, paprika"
30,Boulette d'Avesnes blanche,"180 g (6,3 Ozs)",2 mois minimum,à la coupe,Laitde vache,molles à croûte lavée,Printemps Eté Automne Hiver,Bière,,"Lait, sel, ferments, présure, poivre, estragon, chapelure, paprika"
31,Bouton d'Oc,"100 g (3,5 Ozs)",Minimum 2 semaines,à la coupe,Laitde chèvre,molle,Printemps Eté Automne,"Vin blanc: Gaillac (cépages: Mauzac, L'En de l'El, Ondenc)",Abondance - AOP -,
32,Boutons de Culotte,"80 g (2,8 Ozs)",,à la pièce,Laitde chèvre,molle,Printemps Eté Automne,,,
33,Bouyguette,"150 g (5,25 Ozs)",,à la pièce,Laitde chèvre,molle,Printemps Eté Automne,Vin blanc : Apremont ou Roussette de Savoie,,"lait cru de chèvre, ferments lactiques, sel, présure, romarin"
34,Bouyssou,"180 g (6,3 Ozs)",3 semaines,à la pièce,Laitde vache,molle à croûte fleurie,Printemps Eté Automne,"Vin rouge: Marcillac (cépages: Fer Servadou, Cabernet-Franc)",,
35,Brebis du Lochois,"220 g (7,7 Ozs)",3 semaines minimu,à la coupe,Laitde brebis,molle,Printemps Eté Automne,Vouvray sec,,
36,Brescianella,200 g (7 Ozs),,à la coupe,Laitde vache,molles à croûte lavée,Printemps Eté Automne Hiver,,,
37,Brie au Poivre,"250 g (8,75 Ozs)",Minimum 8 semaines,à la coupe,Laitde vache,molle à croûte fleurie,Printemps Eté Automne Hiver,Château Clarcke,,
38,Brie de Meaux AOP,200 g (7 Ozs),Minimum 8 semaines,à la coupe,Laitde vache,molle à croûte fleurie,Eté Automne Hiver,Vin rouge fruité: Monthélie (cépage: Pinot Noir) Vin blanc sec et nerveux: Savennières (cépage: Chenin Blanc),Coulommiers 1/2 pc Camembert de Normandie AOP,"lait cru de vache, ferments lactiques,présure, penicillium candidum"
39,Brie de Melun AOP,200 g (7 Ozs),,à la pièce,Laitde vache,molle à croûte fleurie,Eté Automne Hiver,St Emilion,,"lait de vache, sel, ferments, présure, CACI2, Penicillium"
40,Brillat Savarin IGP,"500 g (17,5 Ozs)",3 semaines minimum,à la pièce,Laitde vache,molle à croûte fleurie,Printemps Eté Automne,"Champagne (cépage: Chardonnay) Vin rouge: St Emilion (cépage: Merlot, Cabernet-Franc)",Chaource AOP,"Lait, sel, ferment, présure, crème"
41,Brin d'Amour,"250 g (8,75 Ozs)",2 moisMinimum,à la coupe,Laitde brebis,molle,Printemps Eté Hiver,"Vin blanc: Côtes-de-Provence (cépages: Rolle, Ugni Blanc)Vin rouge: Vin de Corse (cépages: Nielluccio, Sciacarellu)",,
42,Brique Cendrée,"220 g (7,7 Ozs)",,à la pièce,Laitde chèvre,molle,Printemps Eté Automne,vouvray sec,,
43,Brique de Chèvre,200 g (7 Ozs),,à la coupe,Laitde chèvre,molle,Printemps Eté Automne,,,
44,Briquette du Forez,"210 g (7,35 Ozs)",1 moisMinimum,à la coupe,Laitde chèvre,molle,Printemps Eté,Vin rouge: Côte Roannaise (cépage: Gamay Noir),,
45,Briquette du Nord,200 g (7 Ozs),,à la coupe,Laitde vache,molles à croûte lavée,,,,
46,Broccio Passu - AOP -,"350 g (12,25 Ozs)",Minimum 2 semaines,à la coupe,Laitde brebis,molle,Printemps Eté,Marc de Corse ou rosés légers,,
47,Brossauthym,"170 g (5,95 Ozs)",,à la coupe,Laitde brebis,molle à croûte fleurie,Printemps Eté Automne Hiver,,,
48,Brousse de Brebis,"350 g (12,25 Ozs)",,à la coupe,Laitde brebis,molle,Printemps Eté Automne Hiver,,,
49,Buchette cendrée,"150 g (5,25 Ozs)",,à la coupe,Laitde chèvre,molle,Printemps Eté Automne,Vin blanc sec,,"lait, ferments, lactiques, presure, sel"
50,Burrata 125g,"125 g (4,375 Ozs)",,à la pièce,Laitde vache,molle,Printemps Eté,Rosé de Provence,,
51,Burrata Di Bufala,"125 g (4,375 Ozs)",,à la pièce,Lait,molle,Printemps Eté,,,"LAIT de bufflonne pasteurisé, crème UHT légère (dont LAIT), sérum d’ensemencement naturel (dont LAIT), sel,présure."
52,Comté AOP 12 mois,200 g (7 Ozs),1 an,à la coupe,Laitde vache,pressées cuites,Printemps Eté Automne Hiver,Vin jaune,,"lait cru de vache, sel, ferments lactiques, présure"
53,Chevrotin des Aravis - AOP -,"290 g (10,15 Ozs)",Minimum 6 semaines,à la coupe,Laitde chèvre,molles à croûte lavée,Eté Automne Hiver,Vins de Savoie,,"Lait de chèvre entier cru, ferments, sel, présure"
54,Coeur de Chevre aux fleurs,"160 g (5,6 Ozs)",Minimum 2 semaines,à la pièce,Laitde chèvre,molle,Printemps Eté,"Vin rouge: Haut-Poitou (cépages: Gamay Noir, Cabernet-Franc)",,"Lait, présure, ferments lactiques, sel, Pétales de fleurs"
55,Croix Occitane,"170 g (5,95 Ozs)",,à la pièce,Laitde chèvre,molle,Printemps Eté Automne,Sauvignon,,"Lait cru de chèvre, sel, présure, cendre"
56,Coulommiers aux Truffes,"250 g (8,75 Ozs)",2 mois,à la coupe,Laitde vache,molle à croûte fleurie,Hiver,Bourgognes légers,,
57,Cabri de Parthenay,"180 g (6,3 Ozs)",Minimum 2 semaines,à la coupe,Laitde chèvre,molle,Printemps Eté Automne,"Vin blanc: Haut-Poitou (cépages: Sauvignon, Chardonnay)",,
58,Cathare,200 g (7 Ozs),Minimum 2 semaines,à la pièce,Laitde chèvre,molle,Eté,"Vin blanc: Gaillac (cépages: Mauzac, L'En de l'El, Ondenc)",,
59,Cabécou,"40 g (1,4 Ozs)",,à la pièce,Laitde chèvre,molle,Printemps Eté Automne,Vin blanc: Sancerre (Sauvignon),Saint Marcellin IGP,
60,Cabrioulet au piment d'Espelette,200 g (7 Ozs),,à la coupe,Laitde chèvre,pressées non cuites,,,,
61,Cabris Cendré,"180 g (6,3 Ozs)",,à la pièce,Laitde chèvre,molle,Printemps Eté Automne,"Vin Blanc: Sauvignon Blanc, Sancerre Blanc",,"lait cru de chèvre, ferments lactiques, sel, présure,"
62,Calisson,"75 g (2,625 Ozs)",,à la pièce,Laitde chèvre,molle,Eté,Vin Blanc Sec de type Sancerre,,"lait, ferments lactiques, presure, sel, cendre végétale"
63,Camembert au Calvados,"250 g (8,75 Ozs)",,à la pièce,Laitde vache,molle à croûte fleurie,Printemps Eté,"vin rouge : Saint-Emilion, Pessac-Léognan, un Saint-Julien",,"Lait cru de vache, ferments lactiques,présure, penicillium candidum"
64,Camembert au lait de Bufflonne,"250 g (8,75 Ozs)",1 moisMinimum,à la pièce,Lait,molle à croûte fleurie,Printemps Eté Automne Hiver,Vin rouge léger: Beaujolais (cépage: Gamay Noir) ou Cidre,,"Lait pasteurisé de bufflonne, sel, presure, penicillium"
65,Camembert de Normandie AOP,"250 g (8,75 Ozs)",1 moisMinimum,à la pièce,Laitde vache,molle à croûte fleurie,Printemps Eté Automne Hiver,Vin rouge léger: Beaujolais (cépage: Gamay Noir) ou Cidre,Coulommiers 1/2 pc Brie de Meaux AOP,"Lait cru de vache, ferments lactiques,présure, penicillium candidum"
66,Camembert de Normandie AOP - bio,"250 g (8,75 Ozs)",1 moisMinimum,à la pièce,Laitde vache,molle à croûte fleurie,Printemps Eté Automne Hiver,Vin rouge léger: Beaujolais (cépage: Gamay Noir) ou Cidre,,"lait pasteurisé bio, présure, sel, ferments"
67,Cancoillotte au vin jaune,"225 g (7,875 Ozs)",,à la pièce,Laitde vache,molle,Printemps Eté Automne Hiver,"Vin jaune: Côtes du Jura (cépages: Chardonnay, Savagnin)Vin rouge: Passetoutgrain (cépages: Pinot Noir, Gamay Noir)",Cancoillotte Nature,"Lait écremé caillé. eau, beurre (lait), sel fin,sel de fonte di, tri polyphosphate sodium."
68,Cancoillotte Nature,"225 g (7,875 Ozs)",,à la pièce,Laitde vache,molle,Printemps Eté Automne Hiver,"Vin jaune: Côtes du Jura (cépages: Chardonnay, Savagnin) Vin rouge: Passetoutgrain (cépages: Pinot Noir, Gamay Noir)",,"Lait écremé caillé. eau, beurre (lait), sel fin,sel de fonte di, tri polyphosphate sodium."
69,Cantal Entre Deux AOP,200 g (7 Ozs),2 mois minimum,à la coupe,Laitde vache,pressées non cuites,Printemps Eté Automne,"Vin rouge fruité et léger: Chinon (cépage: Cabernet Franc)Vin blanc sec: Côtes-du-Duras (cépages: Sauvignon, Sémillon)",Salers Bethmale,"lait, présure, ferments, sel"
70,Cap Gris Nez,"220 g (7,7 Ozs)",2 mois minimum,à la coupe,Laitde vache,molle à croûte fleurie,Printemps Eté Automne,"Les vins charnus et puissants, mais aussi, pourquoi pas une bonne bière de garde",,
71,Carré Corse,"450 g (15,75 Ozs)",6 a 8 semaines,à la pièce,Laitde brebis,molles à croûte lavée,Printemps Eté Automne,vin blanc corse cepage vermentino,,
72,Carré d'Ambre,"150 g (5,25 Ozs)",,à la pièce,Laitde chèvre,molle,Printemps Eté Automne,Ce fromage se marie avec un vin d'Arbois ou une bière brune.,,
73,Carré du Tarn,"160 g (5,6 Ozs)",3 semaines,à la coupe,Laitde chèvre,molle,Printemps Eté Automne,,,
74,Carré du Vinage,400 g (14 Ozs),3 mois minimum,à la pièce,Laitde vache,molles à croûte lavée,Printemps Eté Automne,Vin blanc: Riesling (cépage: Riesling)Bière,,
75,Carré Mirabelle,200 g (7 Ozs),,à la pièce,Laitde vache,molles à croûte lavée,Printemps Eté Automne Hiver,Bière brune ou ambré,,"Lait de vache thermisé,sel, présure, eau de vie de Mirabelle , rocou"
76,Carré Normand,200 g (7 Ozs),4 semaines,à la pièce,Laitde vache,molle à croûte fleurie,Printemps Eté Automne,"Calvados, Cidre",,
77,Casanu,"210 g (7,35 Ozs)",,à la pièce,Laitde brebis,molles à croûte lavée,Printemps Eté Automne Hiver,,,"Lait de brebis pasteurisé, sel, présure, ferments lactiques et d'affinage, chlorure de calcium, bière (trace de gluten)"
78,Cavet Feuille,"90 g (3,15 Ozs)",Frais:minimum 2 semainesSemi-Frais:minimum 4 à 5 semainesAffiné:minimum 6 à 8 semaines,à la coupe,Laitde chèvre,molle,Printemps Eté Automne,"Vin blanc: St Joseph (cépages: Marsanne, Roussanne)Vin rouge: Côtes-de-Provence (cépages: Grenache, Cinsault)",Couteau Haute-Cuisinebois d'olivierpar Claude Dozorme,
79,Cendre d'Olivet,"250 g (8,75 Ozs)",2 mois,à la coupe,Laitde vache,molle à croûte fleurie,Printemps Eté Automne Hiver,Menetou Salon rouge,,
80,Cendré du Beauzac,"300 g (10,5 Ozs)",1 mois minimum,à la coupe,Laitde vache,persillée,Printemps Eté Automne Hiver,"Vin rouge: Côtes d'Auvergne (cépages: Gamay Noir, Pinot Noir)",,
81,César Régalis,200 g (7 Ozs),4 moisMinimum,à la coupe,Laitde brebis,persillée,Printemps Eté Automne Hiver,"Vin blanc liquoreux: Sauternes (cépages: Sémillon, Sauvignon)Vin doux naturel: Maury (cépage: Grenache Noir)Vin rouge puissant: Madiran (cépages: Tannat, Cabernet)",,
82,Chabichou du Poitou AOP,"150 g (5,25 Ozs)",1 moisMinimum,à la pièce,Laitde chèvre,molle,Printemps Eté Automne,"Vin blanc sec: Haut-Poitou (cépages: Sauvignon, Chardonnay) Vin rouge léger St Pourçain (cépages: Gamay, Pinot Noir)",Fleury,"lait, sel, ferments lactiques, présure"
83,Chabichou du Poitou sec,"120 g (4,2 Ozs)",1 moisMinimum,à la coupe,Laitde chèvre,molle,Printemps Eté Automne,"Vin blanc sec: Haut-Poitou (cépages: Sauvignon, Chardonnay)Vin rouge léger St Pourçain (cépages: Gamay, Pinot Noir)",,
84,Chambertin,"250 g (8,75 Ozs)",2 mois1 à,à la pièce,Laitde vache,molles à croûte lavée,Printemps Automne Hiver,Vin rouge: Gevrey Chambertin (cépage: Pinot Noir),Epoisses de Bourgogne AOP,
85,Chaource AOP,"250 g (8,75 Ozs)",1 mois2 semaines à,à la pièce,Laitde vache,molle à croûte fleurie,Printemps Eté Automne,Champagne ou Sancerre,,"Lait cru de vache, ferments lactiques,présure, penicillium candidum"
86,Charolais AOP,"220 g (7,7 Ozs)",Minimum 2 semaines,à la pièce,Laitde chèvre,molle,Printemps Eté Automne,Vin rouge fruité: Beaujolais (cépage: Gamay Noir)Vin blanc sec: Montagny (cépage: Chardonnay),Couteau Haute-Cuisinebois d'olivierpar Claude Dozorme,"lait, sel, présure, ferments"
87,Cheddar,200 g (7 Ozs),5 to 6 months for farmer cheddar,à la coupe,Lait,pressées non cuites,Eté Automne Hiver,Chinon : red wine - cabernet franc grapes or Porto,,
88,Cheddar barre,"2500 g (87,5 Ozs)",5 to 6 months for farmer cheddar,à la coupe,Lait,pressées non cuites,Eté Automne Hiver,Chinon : red wine - cabernet franc grapes or Porto,,
89,Chèvre des Gors,"180 g (6,3 Ozs)",,à la coupe,Laitde chèvre,molle,Printemps Eté Automne,"Vin fruité, Costières-de-Nîmes",,
90,Chèvre Figue à la Rose,"110 g (3,85 Ozs)",2 semaines minimum,à la coupe,Laitde chèvre,molle,Printemps Eté,"Vin rosé: Bandol (cépages: Mourvèdre, Grenache)",,
91,Clacbitou,"300 g (10,5 Ozs)",Minimum 5 semaines,à la pièce,Laitde chèvre,molle,Printemps Eté Automne,Vin blanc sec: Rully (cépage: Chardonnay)Vin rouge fruité: Fleurie (cépage: Gamay Noir),Mothais sur Feuille,
92,Coeur d'Arras,"180 g (6,3 Ozs)",3 à 4 semaines,à la pièce,Laitde vache,molles à croûte lavée,Printemps Automne Hiver,"Vin rouge: Chat.-du-Pape (cépages: Grenache, Syrah, Mourvèdre)Bière",,
93,Coeur de Chevre,"160 g (5,6 Ozs)",Minimum 2 semaines,à la pièce,Laitde chèvre,molle,Printemps Eté,"Vin rouge: Haut-Poitou (cépages: Gamay Noir, Cabernet-Franc)",,"lait, sel, charbon végétale, ferments lactiques, présure"
94,Coeur de France,"380 g (13,3 Ozs)",,à la pièce,Laitde chèvre,molle,Printemps Eté Automne,Sancerre,,
95,Coeur de Neufchâtel AOP,200 g (7 Ozs),1 à 2 semaines,à la pièce,Laitde vache,molle à croûte fleurie,Printemps Eté Automne Hiver,CidreVin rouge: Bourgueil (cépage: Cabernet-Franc),,"Lait, ferments lactiques,présure, penicillium candidum"
96,Coeur de Neufchâtel AOP - bio,200 g (7 Ozs),1 à 2 semaines,à la pièce,Laitde vache,molle à croûte fleurie,Printemps Eté Automne Hiver,CidreVin rouge: Bourgueil (cépage: Cabernet-Franc),,"lait cru biologique, sel de camargue, ferments, présure, penicillium"
97,Coeur de Touraine blanc,"150 g (5,25 Ozs)",Minimum 3 semaines,à la coupe,Laitde chèvre,molle,Printemps Eté Automne Hiver,Cépage Sauvignon: Sancerre blanc,,
98,Coeur de Touraine cendré,"150 g (5,25 Ozs)",Minimum 3 semaines,à la pièce,Laitde chèvre,molle,Printemps Eté,Vin blanc: Sancerre (cépage: Sauvignon),,
99,Coeur et Creme,"30 g (1,05 Ozs)",Minimum 8 jours,à la pièce,Laitde chèvre,molle,Printemps Eté Automne Hiver,Pic St loup,,
100,Coquillon,"170 g (5,95 Ozs)",,à la pièce,Laitde chèvre,molle,Printemps Eté Automne,Vouvray sec (cépage chenin),,
101,Corsica,200 g (7 Ozs),,à la pièce,Laitde brebis,molles à croûte lavée,Printemps Eté Automne Hiver,,,"Lait de brebis pasteurisé, sel, présure, ferments lactiques et d'affinage, chlorure de calcium, bière (trace de gluten)"
102,Corsu Vecchiu,200 g (7 Ozs),,à la coupe,Laitde brebis,pressées cuites,Printemps Eté,"Vin rouge sec comme un bon Vin de Savoie Chautagne rouge, un Côtes d'Auvergne Châteaugay rouge",,"LAIT pasteurisé de brebis, chlorure de calcium, ferments lactiques et d’affinage, présure animale, Nacl,colorants de la croûte caramel naturel E150A"
103,Coulommiers,"500 g (17,5 Ozs)",2 mois,à la pièce,Laitde vache,molle à croûte fleurie,Eté Automne Hiver,"Vin blanc: Bordeaux (cépages: Sémillon, Sauvignon)Vin rouge: Côtes du Rhône (cépages: Grenache, Syrah)",Brie de Meaux AOP,"Lait cru de vache, sel, ferments lactiques, présure"
104,Couronne de Melle,"160 g (5,6 Ozs)",,à la coupe,Laitde chèvre,molle,,,,
105,Couronne des 3 Seigneurs,"120 g (4,2 Ozs)",,à la coupe,Laitde chèvre,molle,Printemps Eté Automne,,,
106,Couronne Lochoise,"180 g (6,3 Ozs)",1 moisMinimum,à la pièce,Laitde chèvre,molle,Printemps Eté Automne Hiver,"Vin blanc: Sancerre (cépage: Sauvignon)Vin rouge: Touraine (cépages: Gamay Noir, Cabernet-Franc)",Selles sur Cher AOP,"Lait de chèvre entier cru, ferments, sel, présure, colorant (de la croûte) charbon végétal"
107,Crémeux de Bourgogne à la truffe,200 g (7 Ozs),,à la pièce,Laitde vache,molle à croûte fleurie,Printemps Eté Automne Hiver,Champagne ou Sancerre,,"Lait (origine France), crème, truffe 3% (Tuber Aestivum Vitt., huile d'olive, arome), sel, présure, ferments lactiques, ferments d'affinage"
108,Crémeux du Jura,600 g (21 Ozs),3 semaines,à la pièce,Laitde vache,molles à croûte lavée,Automne Hiver,Côtes du Jura,,
109,Crottin,"120 g (4,2 Ozs)",6 semaines,à la pièce,Laitde chèvre,molle,Printemps Eté Automne,Vin blanc: Sancerre (cépage: Sauvignon)Vin rouge léger: Bourgogne (cépage: Pinot Noir),Chabichou du Poitou AOP,"Lait de chèvre pasteurisé, sel, ferments lactiques, présure"
110,Crottin - Pays Fort,"100 g (3,5 Ozs)",,à la coupe,Laitde chèvre,molle,,,,
111,Crottin de brebis,"70 g (2,45 Ozs)",de frais à sec,à la coupe,Laitde brebis,molle,Printemps Eté Automne,Sancerre,,
112,Crottin deux affinages,"180 g (6,3 Ozs)",6 semaines,à la pièce,Laitde chèvre,molle,Printemps Eté Automne,Vin blanc: Sancerre (cépage: Sauvignon)Vin rouge léger: Bourgogne (cépage: Pinot Noir),,
113,Crottin sec à l'huile d'olive,"300 g (10,5 Ozs)",,à la pièce,Laitde chèvre,molle,,,,"lait, huile, présure, ferments, sel, piment"
114,Curé Nantais,"180 g (6,3 Ozs)",1 mois,à la pièce,Laitde vache,molles à croûte lavée,Printemps Eté Automne,Vin blanc: Muscadet (cépage: Melon Blanc),,
115,Dauphin,400 g (14 Ozs),4 mois2 à,à la coupe,Laitde vache,molles à croûte lavée,Eté Automne Hiver,"Vin rouge: Côtes du Rhône (cépages: Grenache, Syrah, Cinsault)",,
116,Délice des Fiouves,"280 g (9,8 Ozs)",3 à 4 semaines,à la coupe,Laitde vache,molle à croûte fleurie,Automne,"Vin rouge: Côtes du Jura (cépages: Poulsard, Trousseau, Pinot Noir)",,
117,Délice du Poitou,"180 g (6,3 Ozs)",3 à 8 semaines,à la pièce,Laitde chèvre,molle,Printemps Eté Automne,Sancerre - sauvignon grapes,,
118,Emmental Grand Cru,200 g (7 Ozs),5 mois minimum,à la coupe,Laitde vache,pressées cuites,Printemps Eté Automne Hiver,Vin rouge: Rully (cépage: Pinot Noir)Vin blanc: Givry (cépage: Chardonnay),Gruyere Suisse Comté AOP 18 mois,"lait, sel, ferments, présure"
119,Emmental Grand Cru 500gr,"500 g (17,5 Ozs)",5 mois minimum,à la coupe,Laitde vache,pressées cuites,Printemps Eté Automne Hiver,Vins du Jura,Comté AOP 18 mois,"lait, sel, ferments, présure"
120,Ecir de l'Aubrac,"180 g (6,3 Ozs)",Minimum 6 à 8 semaines,à la pièce,Laitde vache,molle à croûte fleurie,Eté Automne,"Vin blanc: Condrieu (cépage: Viognier)Vin rouge: Marcillac (cépages: Fer Servadou, Cabernet-Franc)",Cabécou,
121,Echourgnac à la liqueur de noix,"300 g (10,5 Ozs)",3 mois minimum,à la pièce,Laitde vache,pressées non cuites,Printemps Eté Automne Hiver,"Vin rouge: Cahors (cépages: Auxerrois, Merlot)",Ossau-Iraty - AOP -,"Lait de vache pasteurisé, sel, ferments lactiques, présure, Lysozyme E1105, natamycine E235, arome de noix PE 15578, colorant E150d, liqueur de noix 100% naturelle 16% d'alcool, ethanol 14,5% vol"
122,Elgines,"300 g (10,5 Ozs)",,à la coupe,Laitde chèvre,molle,,,,
123,Enrobé aux Airelles,"80 g (2,8 Ozs)",,à la pièce,Laitde chèvre,molle,Printemps Eté,Vin blanc : Apremont ou Roussette de Savoie,,
124,Enrobé aux Poivres,"60 g (2,1 Ozs)",,à la coupe,Laitde chèvre,molle,Printemps Eté Automne Hiver,Rosé de Provence,,
125,Enrobé aux Raisins,"80 g (2,8 Ozs)",,à la pièce,Laitde chèvre,molle,,,,
126,Enrobé du Soleil,"80 g (2,8 Ozs)",,à la pièce,Laitde chèvre,molle,Printemps Eté,Vin blanc : Apremont ou Roussette de Savoie,,
127,Entrammes,"270 g (9,45 Ozs)",,à la coupe,Laitde vache,pressées non cuites,Printemps Eté Automne,Chinon,,
128,Epoisses de Bourgogne AOP,"250 g (8,75 Ozs)",Minimum 6 à 8 semaines,à la pièce,Laitde vache,molles à croûte lavée,Printemps Automne Hiver,Vin blanc: Chassagne-Montrachet (cépage: Chardonnay),Chambertin,"Lait de vache pasteurisé, sel, ferments lactiques, présure, Marc de Bourgogne"
129,Espi du Poitou,"150 g (5,25 Ozs)",Minimum 2 semaines,à la pièce,Laitde chèvre,molle,Printemps Eté Automne,,,
130,Feuille de Chèvre,"120 g (4,2 Ozs)",1 moisMinimum,à la pièce,Laitde chèvre,molle,Printemps Eté Automne,"Vin blanc sec: Haut-Poitou (cépages: Sauvignon, Chardonnay) Vin rouge léger St Pourçain (cépages: Gamay, Pinot Noir)",,"Lait de chèvre thermisé, sel, présure, ferments"
131,Figuette aux Epices,"130 g (4,55 Ozs)",,à la coupe,Laitde chèvre,molle,Printemps Eté,Rosé,,
132,Filetta Corse,"330 g (11,55 Ozs)",1 moisMinimum,à la pièce,Laitde brebis,molles à croûte lavée,Printemps Eté Automne Hiver,Vin rouge: Patrimonio (cépage: Niellucciu)Vin blanc: Muscat du Cap Corse (cépage: Muscat Blanc),,"Lait de brebis pasteurisé, sel, ferments lactiques, présure animale, chlorure de calcium"
133,Fior di Capra,"160 g (5,6 Ozs)",,à la coupe,Laitde chèvre,molles à croûte lavée,,,,
134,Fior di Pecura,600 g (21 Ozs),,à la coupe,Laitde brebis,pressées non cuites,Printemps Eté Automne,,,
135,Fiore di Muntagna,"350 g (12,25 Ozs)",,à la coupe,Laitde brebis,molles à croûte lavée,,,,
136,Fiore Dolce,200 g (7 Ozs),,à la coupe,Laitde brebis,pressées cuites,Printemps Eté Automne Hiver,,,
137,Fiore Sardo,200 g (7 Ozs),3 moisMinimum,à la coupe,Laitde brebis,pressées cuites,Printemps Automne Hiver,Vin rouge corsé de Sardaigne,Couteau à fromages en buis Vialis Création,
138,Fiumorbù,"300 g (10,5 Ozs)",2 moisMinimum,à la coupe,Laitde brebis,molles à croûte lavée,Printemps Eté Automne Hiver,,,
139,Fleur du Maquis,"300 g (10,5 Ozs)",,à la pièce,Laitde brebis,molle,Printemps Eté Automne,,Espi du Poitou,"Lait de brebis pasteurisé, sel, presure et epices voir allergènes"
140,Fleury,"180 g (6,3 Ozs)",Minimum 4 semaines,à la coupe,Laitde chèvre,molle,Printemps Eté Automne,Vin blanc: Coteaux du Giennois (cépage: Sauvignon)Vin rouge léger: Beaujolais (cépage: Gamay Noir),Chabichou du Poitou AOP,
141,Flocon de Savoie - bio,"120 g (4,2 Ozs)",Minimum 6 semaines,à la pièce,Laitde vache,molle à croûte fleurie,Printemps Eté Automne,Vin rouge: Anjou-Villages (cépage: Cabernet-Franc) Vin blanc sec: Mâcon-Villages (cépage Chardonnay),,"lait pasteurisé bio, sel, ferments lactiques, présure bio"
142,Fondant de Brebis,"90 g (3,15 Ozs)",Minimum 3 semaines,à la coupe,Laitde brebis,molle,Printemps Eté Automne,,,
143,Fondue savoyarde,"900 g (31,5 Ozs)",,à la coupe,Laitde vache,pressées cuites,Hiver,vin blanc sec,,"lait cru de vache, sel, ferments lactiques, présure"
144,Fontina,200 g (7 Ozs),,à la coupe,Laitde vache,molle,,,,
145,Fougerus,"700 g (24,5 Ozs)",Minimum 4 semaines,à la coupe,Laitde vache,molle à croûte fleurie,Printemps Eté Automne,"Bourgogne, Bordeaux, Côtes-du-Rhône",,
146,Fourme d'Ambert affinée au Vouvray,200 g (7 Ozs),2 mois minimum,à la coupe,Laitde vache,persillée,Printemps Eté Automne Hiver,Vouvray moelleux,,
147,Fourme d'Ambert AOP,200 g (7 Ozs),2 mois minimum,à la coupe,Laitde vache,persillée,Printemps Eté Automne Hiver,Vin blanc: Vouvray moelleux (cépage: Chenin Blanc) Vin rouge léger: Côtes d'Auvergne (cépage: Gamay Noir)Vin naturel: Banyuls (cépage: Grenache Noir),,"Lait, sel, présure,ferments, Pénicillium roqueforti"
148,Fourme de Haute Loire,"320 g (11,2 Ozs)",2 à 3 semaines,à la coupe,Laitde vache,persillée,Printemps Eté Automne,"Vin blanc: Chat.-du-Pape (cépages: Grenache, Clairette)",,
149,Fourme de Montbrison - AOP -,200 g (7 Ozs),1 moisMinimum,à la coupe,Laitde vache,persillée,Printemps Automne Hiver,Vin rouge léger: Côtes du Forez (cépage: Gamay Noir),,lait
150,Fourme de Rochefort,200 g (7 Ozs),1 moisMinimum,à la coupe,Laitde vache,pressées non cuites,Printemps Automne Hiver,Vin blanc sec: Costières-de-Nîmes (cépages: Grenache Noir...)Vin rouge léger: Côtes d'Auvergne (cépages: Gamay Noir...),,
151,Fribourg,200 g (7 Ozs),1 mois minimum,à la coupe,Laitde vache,pressées cuites,Printemps Eté Automne Hiver,,,
152,Fromage crémeux aux Truffes,"300 g (10,5 Ozs)",,à la coupe,Laitde vache,molle à croûte fleurie,,,,"Lait, sel, ferment, présure, crème"
153,Fumaison,200 g (7 Ozs),3 moisMinimum,à la coupe,Laitde brebis,pressées non cuites,Printemps Eté Automne Hiver,vin blanc de type sancerrevin rouge: beaujolais,Tomme Brulee Echourgnac à la liqueur de noix,"Lait cru de brebis, sel, ferments lactiques et ferments d'affinage, présure animale, lysozyme (oeuf) (traces)."
154,Gaperon,"350 g (12,25 Ozs)",4 semaines,à la pièce,Laitde vache,molle à croûte fleurie,Printemps Eté Automne,Côtes Roannaises,Couteau Haute-Cuisinebois d'olivierpar Claude Dozorme Gouda au cumin,"Lait, ferments, présure, ail, sel, poivre"
155,Galette des Templiers,200 g (7 Ozs),,à la pièce,Laitde chèvre,molle,Printemps Eté Automne,Rosé de provence,,
156,Galette Lyonnaise,"150 g (5,25 Ozs)",Minumim 3 semaines,à la pièce,Laitde vache,molle à croûte fleurie,Printemps Eté Automne,Beaujolais,,
157,Galletout,"130 g (4,55 Ozs)",2 semaines minimum,à la coupe,Laitde chèvre,molle,Printemps Eté Automne,Sancerre,,
158,Gorgonzola Dolce,200 g (7 Ozs),3 moisMinimum,à la coupe,Laitde vache,persillée,Printemps Eté Automne Hiver,"Vin blanc: Monbazillac (cépages: Sémillon, Sauvignon)Vin rouge: Rivesaltes (cépage: Grenache Noir)",,
159,Gorgonzola Piccante,200 g (7 Ozs),3 moisMinimum,à la coupe,Laitde vache,persillée,Printemps Eté Automne Hiver,Moscato di Pantelleria,,
160,Gouda AOP,200 g (7 Ozs),3 ans,à la coupe,Laitde vache,pressées cuites,Printemps Eté Automne Hiver,"Vin rouge: Madiran (cépages: Tannat, Cabernet-Sauvignon) Bière brune",Mimolette vieille,"lait, sel, ferments lactiques, présure, agent de conservation, E251"
161,Gouda au cumin,200 g (7 Ozs),2 moisMinimum,à la coupe,Laitde vache,pressées non cuites,Printemps Eté Automne Hiver,Vin rouge: Beaujolais (cépage: Gamay Noir) ou bière brune,Echourgnac à la liqueur de noix,"lait, sel de cuisine, ferments lactiques, presure, cumin 1%, agent de conservation"
162,Gouda aux épices,200 g (7 Ozs),,à la coupe,Laitde vache,pressées non cuites,Printemps Eté Automne Hiver,Bière,,
163,Gouda de chèvre,"500 g (17,5 Ozs)",3 ans,à la coupe,Laitde chèvre,pressées cuites,Printemps Eté Automne Hiver,,,
164,Gour Noir,200 g (7 Ozs),Minimum 2 semaines,à la coupe,Laitde chèvre,molle,Printemps Eté Automne Hiver,"Vin rouge: Chateaumeillant (cépages: Gamay Noir, Pinot Noir)",,
165,Goustal,"150 g (5,25 Ozs)",Minimum 2 semaines,à la pièce,Laitde brebis,molle à croûte fleurie,Eté Automne Hiver,"Vin blanc sec: Cassis (cépages: Ugni Blanc, Clairette)Vin rouge: Coteaux du Languedoc (cépages: Grenache Noir...)Vin rosé: Côtes de Provence (cépages: Grenache Noir...)",,"Lait de brebis pasteurisé, ferments lactiques, sel, présure animale, chlorure de calcium"
166,Goutte du Limousin,"120 g (4,2 Ozs)",Minimum 4 semaines,à la pièce,Laitde chèvre,molle,Eté Automne,"Vin blanc: Entre-Deux-Mers (cépages: Sémillon, Sauvignon)",,
167,Grana Padano,200 g (7 Ozs),12 mois minimum,à la coupe,Laitde vache,pressées cuites,Printemps Eté Automne Hiver,Cabernet Sauvignon,,
168,Grand Munster,"850 g (29,75 Ozs)",,à la pièce,Laitde vache,molles à croûte lavée,Printemps Automne Hiver,Vin blanc: Riesling (cépage: Riesling),,
169,Gratte-Paille,"350 g (12,25 Ozs)",,à la coupe,Laitde vache,molle à croûte fleurie,Printemps Eté Automne Hiver,,,
170,Grés des Vosges,"700 g (24,5 Ozs)",,à la coupe,Laitde vache,molles à croûte lavée,Printemps Eté Automne Hiver,,,
171,Gruyere Suisse,200 g (7 Ozs),6 moisMinimum,à la coupe,Laitde vache,pressées cuites,Printemps Eté Automne Hiver,Vin blanc suisse,Comté AOP 18 mois,"lait, sel, ferments, présure"
172,Irish Porter Cheddar,200 g (7 Ozs),,à la coupe,Laitde vache,pressées non cuites,Eté Hiver,,,"Fromage cheddar (lait), Guinness (orge) (1,5%), colorant naturel (caramel), arôme naturel."
173,Kaltbach,200 g (7 Ozs),,à la coupe,Laitde vache,pressées non cuites,Printemps Eté Automne Hiver,"Vin Blanc de Savoie (Apremont, Roussette ou Chignin-Bergeron).",Gruyere Suisse,"LAait, ferments lactiques, sel, présure."
174,La Basquaise 1/2,"370 g (12,95 Ozs)",,à la coupe,Laitde brebis,pressées cuites,Printemps Eté Automne Hiver,Irouléguy,,"lait, sel, ferments, présure, piment d'espelette"
175,Lavort,200 g (7 Ozs),3 mois,à la coupe,Laitde brebis,pressées non cuites,Printemps Eté,"Vin blanc sec: Jurançon (cépages: Manseng, Courbu)",Manchego,"Lait cru de brebis,ferments lactiques et d'affinage, sel, presure, lysozyme (contient de l'oeuf)"
176,L'Encalat,"240 g (8,4 Ozs)",3 à 12 semaines,à la pièce,Laitde brebis,molle à croûte fleurie,Printemps Eté Automne Hiver,Jurançon sec,,"Lait de brebis, sel, présure, ferments"
177,La Marotte 1/2,400 g (14 Ozs),,à la coupe,Laitde brebis,pressées non cuites,Eté Automne Hiver,Pacherenc-du-vic-bilh sec,,"Lait de brebis thermisé, sel, ferments lactiques, présure"
178,Laguiole,200 g (7 Ozs),4 moisMinimum,à la coupe,Laitde vache,pressées non cuites,Eté Automne Hiver,"Vin rouge léger: Bergerac (cépages: Merlot, Cabernet-Sauvignon)Vin blanc sec: Gaillac (cépages: Mauzac, L'En de L'El)",,
179,Langres AOP,"180 g (6,3 Ozs)",1 moisMinimum,à la pièce,Laitde vache,molles à croûte lavée,Printemps Eté Automne,Vin blanc: St Aubin (cépage: Chardonnay)Vin rouge: Volnay (cépage: Pinot Noir),,"Lait de vache thermisé, sel, ferments lactiques, présure"
180,Le Baraillan,200 g (7 Ozs),,à la coupe,Laitde brebis,pressées non cuites,Printemps Eté Automne Hiver,,,
181,Le Figou,"120 g (4,2 Ozs)",,à la pièce,Laitde chèvre,molle,Printemps Eté Automne,Vouvray demi-sec,,
182,Le Galet de Thomas,"160 g (5,6 Ozs)",1 mois minimum,à la coupe,Laitde chèvre,molle,Printemps Eté Automne,,,
183,Le Guérandais,"180 g (6,3 Ozs)",,à la pièce,Laitde chèvre,molle,Printemps Eté Hiver,bourgogne blanc,,
184,Le Mellois,"110 g (3,85 Ozs)",,à la coupe,Laitde chèvre,molle,Printemps Eté Automne,Sancerre,,
185,Le Pipoune,"950 g (33,25 Ozs)",,à la coupe,Laitde brebis,pressées non cuites,Printemps Eté Automne,,Tomme de Belloc,
186,Le Pipoune affiné,"640 g (22,4 Ozs)",,à la coupe,Laitde brebis,pressées non cuites,,,,
187,Le Roumé,"220 g (7,7 Ozs)",,à la pièce,Laitde chèvre,molle,Eté Automne Hiver,vin blanc sec,,
188,Le Trèfle,"180 g (6,3 Ozs)",,à la pièce,Laitde chèvre,molle,Printemps Eté Automne,Sancerre,,"lait cru, présure, ferments, sel, charbon végétal"
189,Lechatolet,200 g (7 Ozs),,à la coupe,Laitde vache,pressées non cuites,Printemps Eté Automne Hiver,,,
190,Lingot du Berger,"150 g (5,25 Ozs)",,à la pièce,Laitde chèvre,molle,Printemps Eté Automne,Sancerre,,
191,Lingot Saint Bousquet d Orb,"100 g (3,5 Ozs)",Minimum 3 semaines,à la coupe,Laitde chèvre,molle,Printemps Eté,"Vin blanc: Jurançon (cépages: Manseng, Courbu)",,
192,Livarot AOP,"500 g (17,5 Ozs)",1 moisMinimum,à la pièce,Laitde vache,molles à croûte lavée,Printemps Eté Automne,Cidre ou Liquoreux blanc: Coteaux de l'Aubance (cépage: Chenin Blanc)Vin rouge: Non !,Pont l'Evêque AOP,"Lait de vache, sel, ferments, présure"
193,Lorenthym,"150 g (5,25 Ozs)",2 semaines minimum,à la coupe,Laitde chèvre,molle,Printemps Eté,"Vin rosé: Bandol (cépages: Mourvèdre, Grenache)",,
194,Losange,"180 g (6,3 Ozs)",1 moisMinimum,à la coupe,Laitde chèvre,molle,Eté Automne,Vin blanc: Mennetou-Salon (cépage: Sauvignon)Vin rouge: Beaujolais (cépage: Gamay Noir),,
195,Lossaba,400 g (14 Ozs),2 moisMinimum,à la coupe,Laitde brebis,pressées non cuites,Printemps Eté Automne Hiver,"Vin blanc: Pacherenc du Vic Bilh (cépages: Arrufiat, Manseng)Vin rouge: Irouleguy (cépages: Tannat, Cabernet-Franc)",,
196,Lou larzac - bio,"150 g (5,25 Ozs)",Minimum 2 semaines,à la pièce,Laitde brebis,molle à croûte fleurie,Eté Automne Hiver,"Vin blanc sec: Cassis (cépages: Ugni Blanc, Clairette)Vin rouge: Coteaux du Languedoc (cépages: Grenache Noir...)Vin rosé: Côtes de Provence (cépages: Grenache Noir...)",,"Lait de brebis thermisé bio, sel, présure, ferments"
197,Lou Pevre,"110 g (3,85 Ozs)",Minimum 3 semaines,à la pièce,Laitde chèvre,molle,Printemps Eté Automne,"Vin blanc: Costières de Nîmes (cépages: Grenache, Clairette)",,
198,Lou Pouquet - BIO,"500 g (17,5 Ozs)",,à la coupe,Laitde vache,pressées cuites,Printemps Eté Automne Hiver,Irouléguy,,
199,Lou Rocaillou,"80 g (2,8 Ozs)",,à la coupe,Laitde brebis,molle à croûte fleurie,Printemps Eté Automne,,,
200,Lou Sarriette,"110 g (3,85 Ozs)",Minimum 3 semaines,à la pièce,Laitde chèvre,molle,Printemps Eté Automne,"Vin blanc: Costières de Nîmes (cépages: Grenache, Clairette)",,
201,Munster AOP - bio,200 g (7 Ozs),Minimum 6 semaines,à la pièce,Laitde vache,molles à croûte lavée,Printemps Automne Hiver,Vin blanc: Riesling (cépage: Riesling),,"lait pasteurisé bio, sel, présure, ferments"
202,Moelleux des Alpes aux Truffe,400 g (14 Ozs),,à la pièce,Laitde vache,molles à croûte lavée,Automne Hiver,,,
203,Mont ventoux,"80 g (2,8 Ozs)",,à la pièce,Laitde chèvre,molle,Printemps Eté,Rose de Provence - Bandol -,,
204,Machecoulais,"130 g (4,55 Ozs)",1 moisMinimum,à la pièce,Laitde vache,molles à croûte lavée,Printemps Eté Automne,,,
205,Malvault,"180 g (6,3 Ozs)",,à la pièce,Laitde chèvre,molle,Printemps Eté Automne,,,
206,Manchego,200 g (7 Ozs),3 moisMinimum,à la coupe,Laitde brebis,pressées non cuites,Printemps Eté Automne Hiver,Jurançon sec,Tomme Brulee,
207,Manchego et Miel,200 g (7 Ozs),,à la coupe,Laitde brebis,pressées cuites,Automne Hiver,,,
208,Maroilles AOP,"750 g (26,25 Ozs)",Minimum 5 semaines,à la pièce,Laitde vache,molles à croûte lavée,Printemps Eté Automne Hiver,Chateauneuf du PapeBière amère,,"Lait de vache pasteurisé, sel, ferments lactiques et d'affinage,présure"
209,Mascare,"110 g (3,85 Ozs)",Minimum 3 semaines,à la pièce,Laitde vache,molle,Printemps Eté Automne,"Vin rouge: Côtes du Ventoux (cépages: Grenache, Cinsault, Syrah)",Couteau à fromages Dozorme - manche noir,
210,Massadel,"100 g (3,5 Ozs)",,à la coupe,Laitde chèvre,molle,Printemps Eté Automne,,,
211,Mimolette jeune,200 g (7 Ozs),6 moisMinimum,à la coupe,Laitde vache,pressées non cuites,Printemps Eté Automne Hiver,"Vin blanc: Riesling (cépage: Riesling)Vin rouge: Châteauneuf-du-Pape (cépages: Grenache Noir, Syrah)",,"lait, sel, ferments, présure"
212,Mimolette vieille,200 g (7 Ozs),6 moisMinimum,à la coupe,Laitde vache,pressées non cuites,Printemps Eté Automne Hiver,"Vin blanc: Riesling (cépage: Riesling)Vin rouge: Châteauneuf-du-Pape (cépages: Grenache Noir, Syrah)",,"Lait de vache pasteurisé, sel, ferments lactiques, présure, colorant rocou, conservateur nitrate de sodium"
213,Miniclac,"100 g (3,5 Ozs)",,à la coupe,Laitde chèvre,molle,Printemps Eté Automne Hiver,,,
214,Moelleux des Alpes aux Truffes,"250 g (8,75 Ozs)",,à la pièce,Laitde vache,molles à croûte lavée,Automne Hiver,,,"lait cru, ferment lactiques, présure, truffe 1%, arome, sel"
215,Moelleux du Revard,200 g (7 Ozs),,à la coupe,Laitde vache,molles à croûte lavée,Automne Hiver,,,
216,Montbriac,"580 g (20,3 Ozs)",1 mois minimum,à la pièce,Laitde vache,persillée,Printemps Eté Automne Hiver,"Vin rouge: Corbières (cépages: Carignan, Grenache Noir)",,"lait, sel, ferments, colorant de croûte, charbon végétal"
217,Montrachet,200 g (7 Ozs),Minimum 4 semaines,à la pièce,Laitde chèvre,molle,Printemps Eté Automne,Vin blanc: Meursault (cépage: Chardonnay),,
218,Morbier,200 g (7 Ozs),2 moisMinimum,à la coupe,Laitde vache,pressées non cuites,Printemps Eté Automne Hiver,"Vin jaune: Etoile (cépages: Chardonnay, Savagnin)Vin rouge structuré: Mercurey (cépage: Pinot Noir)",,
219,Mothais sur Feuille,"240 g (8,4 Ozs)",Minimum 3 semaines,à la pièce,Laitde chèvre,molle,Printemps Eté Automne,"Vin blanc: Haut-Poitou (cépages: Sauvignon, Chardonnay)Vin rouge: Touraine (cépages: Gamay Noir, Cabernet-Franc)",,"Lait cru entier de chèvre 98 %, sel, ferments lactiques, feuille de châtaignier"
220,Moulis,200 g (7 Ozs),2 moisMinimum,à la coupe,Laitde chèvre,pressées non cuites,Printemps Eté Automne,"Vin rouge: Haut-Médoc (cépages: Cab-Sauvignon, Cab-Franc)",,
221,Munster AOP,200 g (7 Ozs),Minimum 6 semaines,à la pièce,Laitde vache,molles à croûte lavée,Printemps Automne Hiver,Vin blanc: Riesling (cépage: Riesling),,"Lait cru de vache, sel, ferments lactiques, présure"
222,Munster AOP au Cumin,200 g (7 Ozs),,à la pièce,Laitde vache,molles à croûte lavée,Printemps Eté Automne Hiver,Vin blanc: Gewurztraminer (cépage: Gewurztraminer),,"Lait cru de vache, sel, ferments lactiques, présure"
223,Murol,"300 g (10,5 Ozs)",Minimum 6 semaines,à la coupe,Laitde vache,pressées non cuites,Printemps Eté Automne Hiver,Vin rouge: Fleurie (cépage: Gamay Noir),,
224,Olivia Provence,"120 g (4,2 Ozs)",,à la pièce,Laitde chèvre,molle,Eté,"Vin rosé: Bellet (cépages: Braquet, Fuella Nera)",,
225,Olivet à la Sauge,"250 g (8,75 Ozs)",1 moisMinimum,à la coupe,Laitde vache,molle à croûte fleurie,Printemps Eté Automne Hiver,,,
226,Olivet au Poivre,"250 g (8,75 Ozs)",1 moisMinimum,à la coupe,Laitde vache,molle à croûte fleurie,Printemps Eté Automne Hiver,,,
227,Olivet Cendré,"250 g (8,75 Ozs)",1 moisMinimum,à la coupe,Laitde vache,molle à croûte fleurie,Printemps Eté Automne Hiver,"Vin blanc: Touraine (cépages: Sauvignon, Chenin Blanc)Vin rouge: Sancerre (cépage: Pinot Noir)",,
228,Ossau-Iraty - AOP -,200 g (7 Ozs),3 moisMinimum,à la coupe,Laitde brebis,pressées non cuites,Printemps Eté Automne,"Vin rouge: Côtes de St Mont (cépages: Tannat...)Vin blanc sec: Irouléguy (cépages: Manseng, Courbu)",Boulette d'Avesnes,"Lait pasteurisé de brebis, sel, ferments lactiques, présure, flore de surface, chlorure de calcium"
229,Ovale de Chèvre,"150 g (5,25 Ozs)",,à la coupe,Laitde chèvre,molle,Printemps Eté Automne,,,
230,Ovalie,"110 g (3,85 Ozs)",Minimum 2 semaines,à la coupe,Laitde brebis,molle,Printemps Eté Automne,,,
231,Perail de Brebis,"150 g (5,25 Ozs)",Minimum 2 semaines,à la pièce,Laitde brebis,molle à croûte fleurie,Eté Automne Hiver,"Vin blanc sec: Cassis (cépages: Ugni Blanc, Clairette)Vin rouge: Coteaux du Languedoc (cépages: Grenache Noir...)Vin rosé: Côtes de Provence (cépages: Grenache Noir...)",,"Lait de brebis pasteurisé, ferments lactiques, sel, présure animale, chlorure de calcium"
232,Pecorino Siciliano Pepato,200 g (7 Ozs),1 moisMinimum,à la coupe,Laitde brebis,pressées non cuites,Printemps Eté Automne Hiver,,,
233,Perail de Brebis - BIO,"150 g (5,25 Ozs)",Minimum 2 semaines,à la pièce,Laitde brebis,molle à croûte fleurie,Eté Automne Hiver,"Vin blanc sec: Cassis (cépages: Ugni Blanc, Clairette)Vin rouge: Coteaux du Languedoc (cépages: Grenache Noir...)Vin rosé: Côtes de Provence (cépages: Grenache Noir...)",,"Lait de brebis pasteurisé, ferments lactiques, sel, présure animale, chlorure de calcium"
234,Plaisir au Chablis,200 g (7 Ozs),,à la pièce,Laitde vache,molles à croûte lavée,Printemps Eté Automne Hiver,Vin blanc: Chablis (cépage: Chardonnay),,"Lait de vache pasteurisé, sel, ferments lactiques, présure"
235,Palet de Bourgogne,"125 g (4,375 Ozs)",,à la coupe,Laitde vache,molles à croûte lavée,Printemps Eté Automne Hiver,,,
236,Palet du Maursois,200 g (7 Ozs),,à la coupe,Laitde chèvre,molle,Printemps Eté Automne,,,
237,Parmigiano Reggiano AOP,200 g (7 Ozs),Minimum 1 an,à la coupe,Laitde vache,pressées cuites,Printemps Eté Automne Hiver,Vin blanc moelleux puissant type Juançonquelques gouttes de vinaigre balsamique,Râpe à fromageInox - Ovale Râpe à fromageInox - Rectangulaire,"lait, sel, présure"
238,Pas de l'Escalette,"300 g (10,5 Ozs)",1 moisMinimum,à la pièce,Laitde vache,pressées non cuites,Printemps Eté,"Vin rouge: Côtes de Provence (cépages: Grenache, Cinsault)",,
239,Patte d'Ours,200 g (7 Ozs),3 moisMinimum,à la coupe,Laitde brebis,pressées non cuites,Printemps Eté Automne,,,
240,Pave Blesois,"250 g (8,75 Ozs)",Minimum 6 semaines,à la pièce,Laitde chèvre,molle,Printemps Eté Automne,Vin blanc: Chinon (cépage: Chenin Blanc),,
241,Pave d'Aremberg,"230 g (8,05 Ozs)",2 mois,à la pièce,Laitde vache,molles à croûte lavée,Printemps Automne Hiver,"Vin rouge: Madiran (cépages: Tannat, Cabernet-Sauvignon)",,
242,Pavé de Betz,200 g (7 Ozs),,à la pièce,Laitde chèvre,molle,Printemps Eté Automne,Sancerre,,"Lait de chèvre entier cru, ferments, sel, présure, colorant (de la croûte) charbon végétal"
243,Pavé de Maizières,"140 g (4,9 Ozs)",,à la pièce,Laitde chèvre,molle,Printemps Eté Automne Hiver,,,
244,Pavé du Berry,"320 g (11,2 Ozs)",Minimum 2 semaines,à la pièce,Laitde chèvre,molle,Printemps Eté Automne,,,
245,Pavé du Larzac,"155 g (5,425 Ozs)",,à la pièce,Laitde brebis,molle,Printemps Eté Automne,vin blanc de Gaillac,,
246,Pe Descaous,200 g (7 Ozs),,à la coupe,Laitde brebis,pressées non cuites,Printemps Eté Automne Hiver,"Vin blanc: Côtes de Franc (cépages: Sémillon, Sauvignon)Vin rouge: Irouleguy (cépages: Tannat, Cabernet-Franc)",,
247,Pecurinu,"330 g (11,55 Ozs)",,à la coupe,Laitde brebis,molles à croûte lavée,,,,
248,Pelardon,"60 g (2,1 Ozs)",Minimum 3 semaines,à la pièce,Laitde chèvre,molle,Printemps Eté Automne,"Vin rouge: Faugères (cépages: Grenache Noir, Syrah)",,
249,Persillé de chèvre,200 g (7 Ozs),,à la coupe,Laitde chèvre,persillée,Printemps Automne Hiver,Vin blanc demi sec : Alsace,,
250,Persillé de Tignes,"180 g (6,3 Ozs)",,à la coupe,Laitde chèvre,pressées non cuites,Printemps Automne Hiver,,,
251,Persille du mont-Blanc,200 g (7 Ozs),,à la coupe,Laitde vache,pressées non cuites,Printemps Eté Automne,Vin blanc moelleux type Jurançon,,
252,Petit Morin,"30 g (1,05 Ozs)",3 semaines,à la coupe,Laitde vache,molle à croûte fleurie,Printemps Eté Automne,Champagne,,
253,Petit Perche,"150 g (5,25 Ozs)",,à la coupe,Laitde chèvre,molle,Printemps Eté Automne,Vouvray demi-sec,,
254,Petit Pont l'Evêque,"220 g (7,7 Ozs)",Minimum 6 semaines,à la coupe,Laitde vache,molles à croûte lavée,Printemps Eté Automne,"Cidre Vin blanc liquoreux: Quarts de Chaume (cépage: Chenin Blanc) Vin rouge: Vacqueyras (cépages: Grenache Noir, Syrah)",,
255,Petit Pouligny Saint-Pierre AOP,"150 g (5,25 Ozs)",3 à 6 semaines,à la pièce,Laitde chèvre,molle,Printemps Eté Automne,Vin blanc sec: Pouilly Fumé (cépage: Sauvignon)Vin rosé: Noble-Joué (cépage: Pinot Meunier),,"lait de chèvre, sel, ferments, chlorure de calcium, présure"
256,Petit Saint Faron,"250 g (8,75 Ozs)",1 mois2 semaines à,à la pièce,Laitde vache,molle à croûte fleurie,Printemps Eté Automne,Champagne ou Sancerre,,"Lait cru de vache, ferments lactiques,présure, penicillium candidum"
257,Petit Tröo,"150 g (5,25 Ozs)",,à la coupe,Laitde vache,molle à croûte fleurie,Printemps Eté Automne Hiver,,,
258,Piastrellou,"150 g (5,25 Ozs)",,à la pièce,Laitde vache,molle à croûte fleurie,Printemps Eté Automne Hiver,vin blanc : condrieu,,
259,Pic,"40 g (1,4 Ozs)",12 jours minimum,à la coupe,Laitde chèvre,molle,Printemps Eté Automne,Vins rouges légers et fruités; vins blancs secs,,
260,Picodon AOP,"60 g (2,1 Ozs)",Minimum 3 semaines,à la pièce,Laitde chèvre,molle,Printemps Eté,Vin blanc sec du vignoble du Rhône comme un bon Crozes-Hermitage blanc,,"Lait cru de chèvre, sel, ferments"
261,Pictou,"180 g (6,3 Ozs)",,à la pièce,Laitde chèvre,molle,Printemps Eté Automne,,Sainte Maure de Touraine AOP,"lait, sel, cendre végetale, ferments lactiques, présure"
262,Pisé du Lot,"180 g (6,3 Ozs)",,à la coupe,Laitde chèvre,molle,Printemps Eté Automne Hiver,Vin blanc du Languedoc cépage Marsanne,,
263,Poiti'Rond,"100 g (3,5 Ozs)",Minimum 3 semaines,à la pièce,Laitde chèvre,molle,Printemps Eté Automne,Vin blanc sec: Cour-Cheverny (cépage: Romorantin)Vin rouge: St Nicolas de Bourgueil (cépage: Cabernet-Franc),,
264,Pont d'Yeu,"150 g (5,25 Ozs)",Minimum 4 semaines,à la pièce,Laitde chèvre,molle,Printemps Eté,Vin blanc: Muscadet (cépage: Melon Blanc),Plateau verre - bois wengué (ref 114) Plateau verre (ref 107)Poignées en bouleau,
265,Pont l'Evêque - BIO,"220 g (7,7 Ozs)",Minimum 6 semaines,à la pièce,Laitde vache,molles à croûte lavée,Printemps Eté Automne,"CidreVin blanc liquoreux: Quarts de Chaume (cépage: Chenin Blanc)Vin rouge: Vacqueyras (cépages: Grenache Noir, Syrah)",,"Lait cru bio, présure, sel, ferments"
266,Pont l'Evêque AOP,400 g (14 Ozs),Minimum 6 semaines,à la pièce,Laitde vache,molles à croûte lavée,Printemps Eté Automne,"CidreVin blanc liquoreux: Quarts de Chaume (cépage: Chenin Blanc)Vin rouge: Vacqueyras (cépages: Grenache Noir, Syrah)",Livarot AOP,"Lait, présure, ferments lactiques, ferments de surface, sel"
267,Pougne Cendré,"220 g (7,7 Ozs)",Minimum 6 semaines,à la coupe,Laitde chèvre,molle,Printemps Eté Automne,"Vin blanc: Haut-Poitou (cépages: Sauvignon, Chardonnay)",,
268,Pouligny Saint-Pierre AOP,"220 g (7,7 Ozs)",,à la pièce,Laitde chèvre,molle,Printemps Eté Automne,,,"lait de chèvre, sel, ferments, chlorure de calcium, présure"
269,Pyrénées de Brebis,200 g (7 Ozs),,à la coupe,Laitde brebis,pressées non cuites,Printemps Eté Automne Hiver,,,
270,Queijo do Pastor,"480 g (16,8 Ozs)",,à la coupe,Laitde brebis,molles à croûte lavée,Printemps Eté Automne Hiver,,,
271,Rocamadour x2,"80 g (2,8 Ozs)",Minimum 2 semaines,à la pièce,Laitde chèvre,molle,Printemps Eté Automne,Vouvray blanc sec,,"lait cru de chèvre, ferments, présure, sel"
272,Rovethym,"100 g (3,5 Ozs)",Minimum 2 semaines,à la pièce,Laitde chèvre,molle,Printemps Eté,,Plateau verre (ref 107)Poignées en bouleau,
273,Raclette Ail des Ours,"300 g (10,5 Ozs)",,à la coupe,Laitde vache,pressées non cuites,Automne Hiver,,,"lait, sel, ferments, présure, chlorure de calcium, plaque de caseine"
274,Raclette de Savoie 500gr,"500 g (17,5 Ozs)",2 moisMinimum,à la coupe,Laitde vache,pressées non cuites,Automne Hiver,Vin blanc: Roussette de Savoie (cépage: Altesse)Vin rouge: Côte de Beaune (cépage: Pinot Noir),Raclette fumée au bois de hêtre 500g - Les Hauts de Savoie Raclette à la Truffe d'été 500g - Les Hauts de Savoie,"Lait, sel, ferment, présure"
275,Raclette de Savoie IGP,200 g (7 Ozs),2 moisMinimum,à la coupe,Laitde vache,pressées non cuites,Automne Hiver,Vin blanc: Roussette de Savoie (cépage: Altesse)Vin rouge: Côte de Beaune (cépage: Pinot Noir),Couteau Haute-Cuisinebois d'olivierpar Claude Dozorme Abondance - AOP -,"Lait, sel, ferment, présure"
276,Raclette fumée,200 g (7 Ozs),,à la coupe,Laitde vache,pressées non cuites,Automne Hiver,Vin blanc: Roussette de Savoie (cépage: Altesse)Vin rouge: Côte de Beaune (cépage: Pinot Noir),,"lait, sel, ferments, présure"
277,Raclette Suisse,"500 g (17,5 Ozs)",,à la coupe,Laitde vache,pressées non cuites,Automne Hiver,"Gamay de Savoie, Apremont",,
278,Reblochon - AOP -,"450 g (15,75 Ozs)",Minimum 6 semaines,à la pièce,Laitde vache,molles à croûte lavée,Eté Automne Hiver,Vin blanc sec: Crépy (cépage: Chasselas)Vin rouge fruité: Beaujolais-Villages (cépage: Gamay Noir),,"Lait de vache, sel, ferments, présure"
279,Regal de Bourgogne,"125 g (4,375 Ozs)",,à la pièce,Laitde vache,molle,Printemps Eté Automne Hiver,,,
280,Romans Part Dieu,200 g (7 Ozs),Minimum 2 semaines,à la pièce,Laitde vache,molle à croûte fleurie,Printemps Eté Automne,Vin rouge structuré: Anjou-Villages (cépage: Cabernet-Franc)Vin blanc sec: Mâcon-Villages (cépage: Chardonnay),,
281,Romarin,200 g (7 Ozs),2 semaines minimum,à la pièce,Laitde chèvre,molle,Printemps Eté,"Vin rosé: Coteaux Varois (cépages: Grenache, Cinsault)",,
282,Rondin du Nord,"100 g (3,5 Ozs)",,à la coupe,Laitde chèvre,molle,,,,
283,Roquefort - AOP -,200 g (7 Ozs),4 moisMinimum,à la coupe,Laitde brebis,persillée,Eté Automne Hiver,"Vin blanc liquoreux: Sauternes (cépages: Sémillon, Sauvignon)Vin doux naturel: Maury (cépage: Grenache Noir)Vin rouge puissant: Madiran (cépages: Tannat, Cabernet)",Bleu d'Auvergne bio,"lait, sel, ferments, chlorure de calcium, présure, penicillium roqueforti"
284,Roquefort AOP Baragnaudes,200 g (7 Ozs),4 moisMinimum,à la coupe,Laitde brebis,persillée,Eté Automne Hiver,"Vin blanc liquoreux: Sauternes (cépages: Sémillon, Sauvignon)Vin doux naturel: Maury (cépage: Grenache Noir)Vin rouge puissant: Madiran (cépages: Tannat, Cabernet)",,"lait, sel, ferments, chlorure de calcium, présure, penicillium roqueforti"
285,Rouelle,"150 g (5,25 Ozs)",Minimum 3 semaines,à la pièce,Laitde chèvre,molle,Printemps Eté Automne,Vouvray demi-sec,,
286,Rouleau de Beaulieu,"100 g (3,5 Ozs)",1 moisMinimum,à la pièce,Laitde chèvre,molle,Printemps Eté Automne,"Vin blanc: Cassis (cépages: Ugni, Clairette, Marsanne)",,
287,Rouleau de Provence,"100 g (3,5 Ozs)",Minimum 2 semaines,à la pièce,Laitde chèvre,molle,Printemps Eté,"Vin rosé: Coteaux Varois (cépages: Grenache, Cinsault)",Plateau en métalPoignées en bois,
288,Rove des Garrigues,"70 g (2,45 Ozs)",Minimum 3 semaines,à la pièce,Laitde chèvre,molle,Printemps Eté Automne,"Vin blanc: Côtes du Ventoux (cépages: Clairette, Grenache) ou vin rosé de provenceCe fromage se déguste avec un Rosé quand il est fraisPlus affiné choisissez un blanc sec.",,"lait entier pasteurisé de chèvre, sel, ferments, arôme naturel de thym, conservateur, sorbate de potassium, arôme naturel de citron, présure"
289,Saint Marcellin IGP - BIO,"80 g (2,8 Ozs)",Minimum 6 semaines,à la pièce,Laitde vache,molle à croûte fleurie,Printemps Eté Automne,Vin rouge: Anjou-Villages (cépage: Cabernet-Franc) Vin blanc sec: Mâcon-Villages (cépage Chardonnay),,"lait, sel, ferments, présure"
290,Sablé du Boulonnais,"260 g (9,1 Ozs)",Minimum 7 semaines,à la coupe,Laitde vache,molles à croûte lavée,Printemps Eté Automne,Bière ou Champagne,Couteau à fromages en buis Vialis Création,
291,Saint Domnin,200 g (7 Ozs),,à la pièce,Laitde chèvre,molle,Printemps Eté Automne,Rosé de provence,,
292,Saint Felicien,"180 g (6,3 Ozs)",Minimum 2 semaines,à la pièce,Laitde vache,molle à croûte fleurie,Printemps Eté Automne,Vin rouge: St Amour (cépage: Gamay Noir),Saint Marcellin IGP,"lait de vache sel ferments lactiques, présure, crème"
293,Saint Felicien - BIO,"160 g (5,6 Ozs)",Minimum 2 semaines,à la pièce,Laitde vache,molle à croûte fleurie,Printemps Eté Automne,Vin rouge: St Amour (cépage: Gamay Noir),,"Lait de vache sel ferments lactiques, présure, crème"
294,Saint Marcellin IGP,"100 g (3,5 Ozs)",Minimum 6 semaines,à la pièce,Laitde vache,molle à croûte fleurie,Printemps Eté Automne,Vin rouge: Anjou-Villages (cépage: Cabernet-Franc) Vin blanc sec: Mâcon-Villages (cépage Chardonnay),Saint Felicien,"lait, sel, ferments, présure"
295,Saint Nectaire AOP,200 g (7 Ozs),Minimum 5 semaines,à la coupe,Laitde vache,pressées non cuites,Printemps Eté Automne,Vin rouge fruité: Côtes d'Auvergne (cépage: Gamay Noir),,"Lait cru de vache, sel, ferments lactiques, presure"
296,Saint Nectaire AOP 400g,400 g (14 Ozs),Minimum 5 semaines,à la coupe,Laitde vache,pressées non cuites,Printemps Eté Automne,Vin rouge fruité: Côtes d'Auvergne (cépage: Gamay Noir),,"Lait cru de vache, sel, ferments lactiques, presure"
297,Saint Nicolas de la Dalmerie,"140 g (4,9 Ozs)",Minimum 3 semaines,à la pièce,Laitde brebis,molle,Printemps Eté Automne,Vin blanc de Cassis,,
298,Saint Paulin,200 g (7 Ozs),1 moisMinimum,à la coupe,Laitde vache,pressées non cuites,Printemps Eté Automne,"Vin rouge: Bordeaux (cépages: Merlot, Cabernet-Franc)Vin blanc: Riesling (cépage: Riesling)",Couteau à fromages en buis Vialis Création,
299,Saint Point,"250 g (8,75 Ozs)",,à la coupe,Laitde vache,pressées non cuites,Printemps Eté Automne Hiver,,,
300,Saint Romans,200 g (7 Ozs),Minimum 3 semaines,à la coupe,Laitde vache,molle à croûte fleurie,Printemps Eté Automne Hiver,Vin rouge: Crozes-Hermitage (cépage: Syrah),,
301,Saint Valentin,"150 g (5,25 Ozs)",Minimum 4 semaines,à la coupe,Laitde chèvre,molle à croûte fleurie,Printemps Automne Hiver,,,
302,Saint Vincent au Chablis,200 g (7 Ozs),,à la coupe,Laitde vache,molles à croûte lavée,Printemps Eté Automne Hiver,,,
303,Sainte Maure de Touraine AOP,"250 g (8,75 Ozs)",Minimum 2 semaines,à la pièce,Laitde chèvre,molle,Printemps Eté Automne,"Vin blanc : Vouvray demi-sec (cépage: chenin)Vin rouge léger: Saumur (cépages: Cab.-Franc, Cab.-Sauvignon)",Galletout Bichon,"Lait cru entier, ferments, sel, présure, en colorant charbon végétal"
304,Sakura No~Ha®,"220 g (7,7 Ozs)",1 moisMinimum,à la pièce,Laitde brebis,molle,Printemps Eté Automne,"Vin blanc sec: Haut-Poitou (cépages: Sauvignon, Chardonnay) Vin rouge léger St Pourçain (cépages: Gamay, Pinot Noir)",,"Lait cru, feuille de cerisier du Japon"
305,Salers,200 g (7 Ozs),3 moisMinimum,à la coupe,Laitde vache,pressées non cuites,Eté Automne Hiver,"Vin rouge puissant: Chât.-du-Pape (cépages: Grenache, Syrah)Vin blanc structuré: Meursault (cépage: Chardonnay)",Cantal Entre Deux AOP Couteau à fromages en buis Vialis Création,
306,Sancerre,"190 g (6,65 Ozs)",Minimum 3 semaines,à la pièce,Laitde chèvre,molle,Printemps Eté Automne,,,
307,Saulzais,"300 g (10,5 Ozs)",,à la coupe,Laitde brebis,molle,Printemps Eté Automne,,,
308,Selles sur Cher AOP,"150 g (5,25 Ozs)",Minimum 3 semaines,à la pièce,Laitde chèvre,molle,Printemps Eté Automne,Vin blanc sec: Cour-Cheverny (cépage: Romorantin)Vin rouge: St Nicolas de Bourgueil (cépage: Cabernet-Franc),Sainte Maure de Touraine AOP Couronne Lochoise,"lait, sel, ferments,présure, charbon végétal"
309,Six Pans du Lauragais,"140 g (4,9 Ozs)",Minimum 3 semaines,à la coupe,Laitde chèvre,molle,Printemps Eté Automne,,,
310,Soumaintrain IGP,200 g (7 Ozs),Minimum 6 semaines,à la pièce,Laitde vache,molles à croûte lavée,Printemps Automne Hiver,"Vin blanc de savoie, Jurançon Sec, Côte de Beaune",,"lait, sel, ferments, présure"
311,Stilton AOP,200 g (7 Ozs),4 moisMinimum,à la coupe,Laitde vache,persillée,Printemps Eté Automne Hiver,Vin de Porto,Roquefort - AOP -,"Lait de vache pasteurisé, sel, présure végétale, pénicillium roqueforti, cultures lactiques"
312,Stilton AOP 500gr,"500 g (17,5 Ozs)",4 moisMinimum,à la coupe,Laitde vache,persillée,Printemps Eté Automne Hiver,Vin de Porto,,"Lait de vache pasteurisé, sel, présure végétale, pénicillium roqueforti, cultures lactiques"
313,Tomme de Belloc,200 g (7 Ozs),,à la coupe,Laitde brebis,pressées cuites,Printemps Eté Automne Hiver,"Vin blanc: Pacherenc du Vic Bilh (cépages: Arrufiat, Manseng)",Ossau-Iraty - AOP -,"Lait de brebis, sel, ferments, lysosyme d'oeuf, E235"
314,Taleggio,200 g (7 Ozs),Minimum 60 jours,à la coupe,Laitde vache,pressées non cuites,Printemps Eté Automne Hiver,Condrieu,Couteau à fromages en buis Vialis Création,"Lait de vache, sel, présure"
315,Taupinette,"180 g (6,3 Ozs)",Minimum 4 semaines,à la pièce,Laitde chèvre,molle,Printemps Eté Automne,vin sauvignon,,
316,Tête de Moine AOP,"900 g (31,5 Ozs)",4 moisMinimum,à la pièce,Laitde vache,pressées cuites,Printemps Eté Automne Hiver,"Vin rouge: Côtes du Jura (cépages: Poulsard, Trousseau)",Girolle,"Lait cru de vache, sel, ferments lactiques, présure"
317,Tome à la Sarriette,"60 g (2,1 Ozs)",,à la pièce,Laitde chèvre,molle,Printemps Eté Automne,Rosé de Provence,,
318,Tome de Provence,"100 g (3,5 Ozs)",3 semaines minimum,à la pièce,Laitde chèvre,molle,Printemps Eté Automne,Rosé Provence,,"Lait cru de chèvre, sel, ferments, chlorure de calcium, présure, poivre, sariette"
319,Tomette à l'huile,"120 g (4,2 Ozs)",,à la pièce,Laitde chèvre,molle,Eté,rosé de Provence,,"lait cru de chèvre, sel, ferments, chlorure de calcium, presure, herbes de provence, baies roses, huile 1/3 colza, 1/3 huile d'olive, 1/3 feuille de laurier"
320,Tomme aux Fleurs 500g,"500 g (17,5 Ozs)",,à la coupe,Laitde vache,pressées non cuites,Printemps Eté,,Tomme aux Fleurs 200g,"lait de vache cru, sel, ferments lactiques, conservateur E251Croûte souci, bleuet, persil"
321,Tomme Brulee,200 g (7 Ozs),3 moisMinimum,à la coupe,Laitde brebis,pressées non cuites,Printemps Eté Automne,,Fumaison,
322,Tomme Corse,200 g (7 Ozs),3 moisMinimum,à la coupe,Laitde brebis,pressées cuites,Printemps Eté Automne Hiver,vin corse millésimé,,
323,Tomme Crayeuse,200 g (7 Ozs),2 moisMinimum,à la coupe,Laitde vache,pressées non cuites,Automne Hiver,Vin rouge: Cornas (cépage: Syrah),Tomme de Savoie - IGP -,"lait de vache, sel, présure, ferments lactiques"
324,Tomme d'Accous,200 g (7 Ozs),1 mois minimum,à la coupe,Laitde chèvre,pressées non cuites,Printemps Eté Automne Hiver,,,
325,Tomme d'Auvergne,"420 g (14,7 Ozs)",1 moisMinimum,à la coupe,Laitde vache,pressées non cuites,Printemps Eté Automne,Vin rouge: Côte de Nuits-Villages (cépage: Pinot Noir),,
326,Tomme de brebis,200 g (7 Ozs),,à la coupe,Laitde brebis,molle à croûte fleurie,Printemps Eté,Vin blanc doux comme le Grain doux AOP Gaillac.,,"Lait de brebis pasteurisé, sel, présure, ferments lactiques, ferments d'affinage, conservateurs E1105 (Extrait de blanc d'œuf), colorant de croûte E150a, conservateurs de croûte E235, croûte non destinée à être consommée"
327,Tomme de Lozère,200 g (7 Ozs),2 moisMinimum,à la coupe,Laitde brebis,pressées non cuites,Printemps Eté Automne Hiver,,,
328,Tomme de Savoie - IGP -,200 g (7 Ozs),2 moisMinimum,à la coupe,Laitde vache,pressées non cuites,Eté Automne Hiver,"Vin rouge: Gigondas (cépages: Grenache Noir, Syrah)",,"Lait, sel, ferments, présure, plaque de caséine"
329,Tomme de Yenne,800 g (28 Ozs),1 moisMinimum,à la coupe,Laitde vache,pressées non cuites,Printemps Eté Automne Hiver,,,
330,Tomme du Jura,200 g (7 Ozs),,à la coupe,Laitde vache,pressées non cuites,Eté Automne Hiver,,,
331,Tomme Estaing,200 g (7 Ozs),,à la coupe,Laitde brebis,molle à croûte fleurie,Printemps Automne Hiver,Un Médoc rouge jeune ou un Saint Emilion.,,"Lait de brebis thermisé, sel, ferments lactiques, présure"
332,Tomme Grise de Chèvre,200 g (7 Ozs),,à la coupe,Laitde chèvre,pressées non cuites,Printemps Eté Automne,Vin blanc : Apremont ou Roussette de Savoie,,"Lait, ferments, présure, sel, conservateur de croute Natamycine (E235)"
333,Tomme Grise de Chèvre au Piment,200 g (7 Ozs),,à la coupe,Laitde chèvre,pressées non cuites,Printemps Eté Automne,,,"lait pasteurisé, sel, ferment lactique, présure, piment de cayenne"
334,Tomme Marc de Raisin,200 g (7 Ozs),1 moisMinimum,à la coupe,Laitde vache,pressées non cuites,Printemps Eté Automne Hiver,,,
335,Tomme Morgée à la bière et au houblon,200 g (7 Ozs),,à la coupe,Laitde vache,pressées non cuites,Automne Hiver,,,"Lait cru de vache, sel, coagulant microbien, ferments lactiques"
336,Tomme Pierucci,1200 g (42 Ozs),,à la coupe,Laitde brebis,pressées non cuites,Printemps Eté Automne Hiver,,,
337,Tommette d'Espelette,"500 g (17,5 Ozs)",,à la coupe,Laitde brebis,pressées non cuites,Printemps Eté Automne,,,
338,Tommette de Corbières,200 g (7 Ozs),,à la coupe,Laitde brebis,molles à croûte lavée,Printemps Eté Automne,,,
339,Tommette de Yenne,200 g (7 Ozs),1 moisMinimum,à la coupe,Laitde vache,pressées non cuites,Printemps Eté Automne Hiver,,,
340,Tommette du Tarn,"350 g (12,25 Ozs)",,à la coupe,Laitde chèvre,molle,Printemps Automne,,,
341,Tommette Laious,"250 g (8,75 Ozs)",2 moisMinimum,à la coupe,Laitde brebis,pressées non cuites,Printemps Eté Automne Hiver,,,
342,Toudeille Chèvre-Brebis,200 g (7 Ozs),1 moisMinimum,à la coupe,Laitde chèvre,pressées non cuites,Printemps Eté Automne Hiver,,,
343,Triangle saillot,"170 g (5,95 Ozs)",,à la pièce,Laitde chèvre,molle,Printemps Eté Automne,Sancerre,,
344,Trifulin,"190 g (6,65 Ozs)",,à la coupe,Laitde vache,molle à croûte fleurie,Printemps Automne,,,
345,Trio de Camembert,"750 g (26,25 Ozs)",,à la pièce,Laitde vache,molle à croûte fleurie,Printemps Eté Automne Hiver,cidre brut,,
346,Trio des Montagnes,600 g (21 Ozs),,à la pièce,Laitde vache,pressées cuites,Automne Hiver,,,
347,Trou du Cru,"60 g (2,1 Ozs)",,à la pièce,Laitde vache,molles à croûte lavée,Printemps Automne Hiver,Bourgogne blanc - cépage chardonnay -,,"lait pasteurisé, sel, présure, ferments, marc de bourgogne"
348,Truffe de Valensole,"110 g (3,85 Ozs)",Minimum 2 semaines,à la coupe,Laitde chèvre,molle,Printemps Eté Automne,"Vin blanc: Coteaux Varois (cépages: Clairette, Grenache, Rolle)Vin rouge léger: Beaujolais (cépage: Gamay Noir)",,
349,Truffe du Perigord,"150 g (5,25 Ozs)",2 semaines,à la coupe,Laitde chèvre,molle,Printemps Eté Automne,,,
350,Vacherin - bio,"330 g (11,55 Ozs)",3 semaines,à la pièce,Laitde vache,molles à croûte lavée,Automne Hiver,"Vin jaune: Côtes du Jura (cépages: Chardonnay, Savagnin)",,"lait pasteurisé bio, sel, ferments, présure"
351,Vacherin - Mont d'Or AOP,400 g (14 Ozs),3 semaines,à la pièce,Laitde vache,molles à croûte lavée,Automne Hiver,"Vin jaune : Côtes du Jura (cépages: Chardonnay, Savagnin)Champagne",,"Lait, sel, ferments lactiques, présure"
352,Vacherin Fribourgeois,"500 g (17,5 Ozs)",,à la coupe,Laitde vache,pressées non cuites,Automne Hiver,"Vin rouge: Bordeaux, côte du Rhone",,
353,Vacherin Suisse,400 g (14 Ozs),3 semaines,à la pièce,Laitde vache,molles à croûte lavée,Automne Hiver,"Vin jaune: Côtes du Jura (cépages: Chardonnay, Savagnin)",,"lait de vache, sel, ferments, présure"
354,Valencay AOP,"220 g (7,7 Ozs)",Minimum 5 semaines,à la pièce,Laitde chèvre,molle,Printemps Eté Automne,"Vin blanc sec: Valençay (cépages: Sauvignon, Chardonnay)Vin rouge léger: Touraine (cépages: Gamay Noir, Cabernet-Franc)",Sainte Maure de Touraine AOP,"Lait cru de chèvre, sel, ferments lactiques, presure"
355,Venaco,200 g (7 Ozs),2 moisMinimum,à la coupe,Laitde brebis,molles à croûte lavée,Printemps Eté Automne Hiver,,,
356,Vieux Lille,"187 g (6,545 Ozs)",3 moisMinimum,à la coupe,Laitde vache,molles à croûte lavée,Printemps Eté Automne Hiver,Champagne,,
357,Voeu du Poitou,"150 g (5,25 Ozs)",Minimum 2 semaines,à la coupe,Laitde chèvre,molle,Printemps Eté Automne,,,
358,XV du Pic Cendré,"110 g (3,85 Ozs)",,à la pièce,Laitde chèvre,molle à croûte fleurie,Printemps Eté,vin rouge fruité Languedoc.,,"Lait cru de chèvre, ferments lactiques, présure, sel, colorant charbon végétal."
